poll_id,pollster,candidate_name,pct,party,start_date,end_date,sample_size
85578,YouGov,Joe Biden,43,Democratic,1-07-24,2024-01-09,1417
85578,YouGov,Donald Trump,43,Republican,1-07-24,2024-01-09,1417
85608,YouGov,Joe Biden,48,Democratic,1-10-24,2024-01-12,1906
85608,YouGov,Donald Trump,50,Republican,1-10-24,2024-01-12,1906
85608,YouGov,Joe Biden,48,Democratic,1-10-24,2024-01-12,1906
85608,YouGov,Ron DeSantis,51,Republican,1-10-24,2024-01-12,1906
85608,YouGov,Joe Biden,45,Democratic,1-10-24,2024-01-12,1906
85608,YouGov,Nikki Haley,53,Republican,1-10-24,2024-01-12,1906
82001,YouGov,Joe Biden,46,Democratic,1-12-23,2023-01-16,1028
82001,YouGov,Donald Trump,40,Republican,1-12-23,2023-01-16,1028
82001,YouGov,Joe Biden,44,Democratic,1-12-23,2023-01-16,1028
82001,YouGov,Ron DeSantis,42,Republican,1-12-23,2023-01-16,1028
82129,YouGov,Joe Biden,43,Democratic,2-02-23,2023-02-06,1063
82129,YouGov,Ron DeSantis,44,Republican,2-02-23,2023-02-06,1063
82129,YouGov,Joe Biden,47,Democratic,2-02-23,2023-02-06,1063
82129,YouGov,Donald Trump,41,Republican,2-02-23,2023-02-06,1063
86065,YouGov,Joe Biden,36,Democratic,2-02-24,2024-02-12,1200
86065,YouGov,Donald Trump,45,Republican,2-02-24,2024-02-12,1200
86065,YouGov,Robert F. Kennedy,6,IND,2-02-24,2024-02-12,1200
86065,YouGov,Cornel West,3,IND,2-02-24,2024-02-12,1200
86065,YouGov,Jill Stein,2,GRE,2-02-24,2024-02-12,1200
86065,YouGov,Joe Biden,41,Democratic,2-02-24,2024-02-12,1200
86065,YouGov,Donald Trump,48,Republican,2-02-24,2024-02-12,1200
86065,YouGov,Joe Biden,40,Democratic,2-02-24,2024-02-12,1200
86065,YouGov,Nikki Haley,31,Republican,2-02-24,2024-02-12,1200
85859,YouGov,Joe Biden,43,Democratic,2-04-24,2024-02-06,1399
85859,YouGov,Donald Trump,44,Republican,2-04-24,2024-02-06,1399
85913,YouGov,Joe Biden,44,Democratic,2-06-24,2024-02-09,869
85913,YouGov,Donald Trump,45,Republican,2-06-24,2024-02-09,869
85938,YouGov,Joe Biden,44,Democratic,2-11-24,2024-02-13,1470
85938,YouGov,Donald Trump,44,Republican,2-11-24,2024-02-13,1470
86297,YouGov,Joe Biden,42,Democratic,3-03-24,2024-03-05,1450
86297,YouGov,Donald Trump,44,Republican,3-03-24,2024-03-05,1450
86297,YouGov,Joe Biden,37,Democratic,3-03-24,2024-03-05,1450
86297,YouGov,Nikki Haley,34,Republican,3-03-24,2024-03-05,1450
86457,YouGov,Joe Biden,48,Democratic,3-04-24,2024-03-11,1126
86457,YouGov,Donald Trump,51,Republican,3-04-24,2024-03-11,1126
86459,YouGov,Joe Biden,44,Democratic,3-08-24,2024-03-11,990
86459,YouGov,Donald Trump,46,Republican,3-08-24,2024-03-11,990
86459,YouGov,Joe Biden,41,Democratic,3-08-24,2024-03-11,992
86459,YouGov,Donald Trump,43,Republican,3-08-24,2024-03-11,992
78574,YouGov,Joe Biden,41,Democratic,3-10-22,2022-03-14,1623
78574,YouGov,Donald Trump,37,Republican,3-10-22,2022-03-14,1623
78574,YouGov,Joe Biden,47,Democratic,3-10-22,2022-03-14,1225
78574,YouGov,Donald Trump,39,Republican,3-10-22,2022-03-14,1225
86463,YouGov,Joe Biden,42,Democratic,3-10-24,2024-03-12,1367
86463,YouGov,Donald Trump,44,Republican,3-10-24,2024-03-12,1367
78687,YouGov,Joe Biden,50.13,Democratic,3-11-22,2022-03-21,2000
78687,YouGov,Donald Trump,49.82,Republican,3-11-22,2022-03-21,2000
82534,YouGov,Joe Biden,38,Democratic,4-01-23,2023-04-04,1500
82534,YouGov,Donald Trump,40,Republican,4-01-23,2023-04-04,1500
82534,YouGov,Joe Biden,42,Democratic,4-01-23,2023-04-04,1319
82534,YouGov,Donald Trump,44,Republican,4-01-23,2023-04-04,1319
82550,YouGov,Joe Biden,39,Democratic,4-04-23,2023-04-06,1000
82550,YouGov,Donald Trump,37,Republican,4-04-23,2023-04-06,1000
86631,YouGov,Joe Biden,42,Democratic,4-06-24,2024-04-09,1583
86631,YouGov,Donald Trump,43,Republican,4-06-24,2024-04-09,1583
86631,YouGov,Robert F. Kennedy,3,IND,4-06-24,2024-04-09,1583
86631,YouGov,Cornel West,1,IND,4-06-24,2024-04-09,1583
86631,YouGov,Jill Stein,0,GRE,4-06-24,2024-04-09,1583
82590,YouGov,Joe Biden,39,Democratic,4-08-23,2023-04-11,1500
82590,YouGov,Donald Trump,39,Republican,4-08-23,2023-04-11,1500
82590,YouGov,Joe Biden,43,Democratic,4-08-23,2023-04-11,1322
82590,YouGov,Donald Trump,44,Republican,4-08-23,2023-04-11,1322
86683,YouGov,Joe Biden,44,Democratic,4-11-24,2024-04-15,1171
86683,YouGov,Donald Trump,44,Republican,4-11-24,2024-04-15,1171
86683,YouGov,Joe Biden,42,Democratic,4-11-24,2024-04-15,1171
86683,YouGov,Donald Trump,42,Republican,4-11-24,2024-04-15,1171
86775,YouGov,Joe Biden,36,Democratic,4-12-24,2024-04-22,1200
86775,YouGov,Donald Trump,45,Republican,4-12-24,2024-04-22,1200
86775,YouGov,Robert F. Kennedy,8,IND,4-12-24,2024-04-22,1200
86775,YouGov,Cornel West,2,IND,4-12-24,2024-04-22,1200
86775,YouGov,Jill Stein,2,GRE,4-12-24,2024-04-22,1200
86775,YouGov,Joe Biden,40,Democratic,4-12-24,2024-04-22,1200
86775,YouGov,Donald Trump,48,Republican,4-12-24,2024-04-22,1200
82786,YouGov,Joe Biden,45,Democratic,5-05-23,2023-05-08,1060
82786,YouGov,Donald Trump,43,Republican,5-05-23,2023-05-08,1060
82786,YouGov,Joe Biden,45,Democratic,5-05-23,2023-05-08,1057
82786,YouGov,Ron DeSantis,42,Republican,5-05-23,2023-05-08,1057
86876,YouGov,Joe Biden,43,Democratic,5-05-24,2024-05-07,1598
86876,YouGov,Donald Trump,43,Republican,5-05-24,2024-05-07,1598
86876,YouGov,Robert F. Kennedy,3,IND,5-05-24,2024-05-07,1598
86876,YouGov,Cornel West,1,IND,5-05-24,2024-05-07,1598
86876,YouGov,Jill Stein,1,GRE,5-05-24,2024-05-07,1598
86963,YouGov,Joe Biden,45,Democratic,5-10-24,2024-05-16,1181
86963,YouGov,Donald Trump,54,Republican,5-10-24,2024-05-16,1181
86963,YouGov,Joe Biden,36,Democratic,5-10-24,2024-05-16,1174
86963,YouGov,Donald Trump,49,Republican,5-10-24,2024-05-16,1174
86963,YouGov,Jill Stein,3,GRE,5-10-24,2024-05-16,1174
86964,YouGov,Joe Biden,47,Democratic,5-10-24,2024-05-16,1193
86964,YouGov,Donald Trump,52,Republican,5-10-24,2024-05-16,1193
86964,YouGov,Joe Biden,40,Democratic,5-10-24,2024-05-16,1192
86964,YouGov,Donald Trump,44,Republican,5-10-24,2024-05-16,1192
86964,YouGov,Jill Stein,5,GRE,5-10-24,2024-05-16,1192
86947,YouGov,Joe Biden,45,Democratic,5-10-24,2024-05-13,1201
86947,YouGov,Donald Trump,45,Republican,5-10-24,2024-05-13,1201
86947,YouGov,Joe Biden,43,Democratic,5-10-24,2024-05-13,1201
86947,YouGov,Donald Trump,44,Republican,5-10-24,2024-05-13,1201
74810,YouGov,Joe Biden,48,Democratic,5-11-21,2021-05-13,1561
74810,YouGov,Donald Trump,36,Republican,5-11-21,2021-05-13,1561
86949,YouGov,Joe Biden,41,Democratic,5-12-24,2024-05-14,1586
86949,YouGov,Donald Trump,42,Republican,5-12-24,2024-05-14,1586
86949,YouGov,Robert F. Kennedy,3,IND,5-12-24,2024-05-14,1586
86949,YouGov,Cornel West,1,IND,5-12-24,2024-05-14,1586
86949,YouGov,Jill Stein,1,GRE,5-12-24,2024-05-14,1586
87102,YouGov,Joe Biden,42,Democratic,6-02-24,2024-06-04,1566
87102,YouGov,Donald Trump,42,Republican,6-02-24,2024-06-04,1566
87102,YouGov,Robert F. Kennedy,3,IND,6-02-24,2024-06-04,1566
87102,YouGov,Cornel West,1,IND,6-02-24,2024-06-04,1566
87102,YouGov,Jill Stein,1,GRE,6-02-24,2024-06-04,1566
87129,YouGov,Joe Biden,46,Democratic,6-03-24,2024-06-06,1239
87129,YouGov,Donald Trump,44,Republican,6-03-24,2024-06-06,1239
87129,YouGov,Joe Biden,42,Democratic,6-03-24,2024-06-06,1239
87129,YouGov,Donald Trump,43,Republican,6-03-24,2024-06-06,1239
87131,YouGov,Joe Biden,49,Democratic,6-05-24,2024-06-07,1359
87131,YouGov,Donald Trump,50,Republican,6-05-24,2024-06-07,1359
87150,YouGov,Joe Biden,40,Democratic,6-09-24,2024-06-11,1399
87150,YouGov,Donald Trump,42,Republican,6-09-24,2024-06-11,1399
87150,YouGov,Robert F. Kennedy,3,IND,6-09-24,2024-06-11,1399
87150,YouGov,Cornel West,1,IND,6-09-24,2024-06-11,1399
87150,YouGov,Jill Stein,1,GRE,6-09-24,2024-06-11,1399
79180,YouGov,Joe Biden,39,Democratic,6-10-22,2022-06-13,1541
79180,YouGov,Donald Trump,42,Republican,6-10-22,2022-06-13,1541
79180,YouGov,Joe Biden,42,Democratic,6-10-22,2022-06-13,1243
79180,YouGov,Donald Trump,44,Republican,6-10-22,2022-06-13,1243
83004,YouGov,Joe Biden,38,Democratic,6-10-23,2023-06-13,1500
83004,YouGov,Donald Trump,39,Republican,6-10-23,2023-06-13,1500
83004,YouGov,Joe Biden,41,Democratic,6-10-23,2023-06-13,1303
83004,YouGov,Donald Trump,41,Republican,6-10-23,2023-06-13,1303
87365,YouGov,Joe Biden,44.3,Democratic,6-11-24,2024-06-24,2750
87365,YouGov,Donald Trump,41.9,Republican,6-11-24,2024-06-24,2750
87365,YouGov,Robert F. Kennedy,4.6,IND,6-11-24,2024-06-24,2750
87365,YouGov,Jill Stein,1,GRE,6-11-24,2024-06-24,2750
87365,YouGov,Cornel West,0.8,IND,6-11-24,2024-06-24,2750
87201,YouGov,Joe Biden,41,Democratic,6-11-24,2024-06-14,1011
87201,YouGov,Donald Trump,39,Republican,6-11-24,2024-06-14,1011
87201,YouGov,Robert F. Kennedy,3,IND,6-11-24,2024-06-14,1011
87201,YouGov,Jill Stein,1,GRE,6-11-24,2024-06-14,1011
87201,YouGov,Cornel West,1,IND,6-11-24,2024-06-14,1011
87363,YouGov,Joe Biden,40,Democratic,7-07-24,2024-07-09,1443
87363,YouGov,Donald Trump,43,Republican,7-07-24,2024-07-09,1443
87363,YouGov,Robert F. Kennedy,4,IND,7-07-24,2024-07-09,1443
87363,YouGov,Cornel West,1,IND,7-07-24,2024-07-09,1443
87363,YouGov,Jill Stein,1,GRE,7-07-24,2024-07-09,1443
87363,YouGov,Kamala Harris,38,Democratic,7-07-24,2024-07-09,1443
87363,YouGov,Donald Trump,42,Republican,7-07-24,2024-07-09,1443
87363,YouGov,Robert F. Kennedy,5,IND,7-07-24,2024-07-09,1443
87363,YouGov,Jill Stein,2,GRE,7-07-24,2024-07-09,1443
87363,YouGov,Cornel West,1,IND,7-07-24,2024-07-09,1443
79359,YouGov,Joe Biden,39,Democratic,7-08-22,2022-07-11,1672
79359,YouGov,Donald Trump,40,Republican,7-08-22,2022-07-11,1672
79359,YouGov,Joe Biden,44,Democratic,7-08-22,2022-07-11,1261
79359,YouGov,Donald Trump,43,Republican,7-08-22,2022-07-11,1261
83189,YouGov,Joe Biden,39,Democratic,7-08-23,2023-07-11,1500
83189,YouGov,Donald Trump,40,Republican,7-08-23,2023-07-11,1500
83189,YouGov,Joe Biden,42,Democratic,7-08-23,2023-07-11,1296
83189,YouGov,Donald Trump,42,Republican,7-08-23,2023-07-11,1296
87696,YouGov,Kamala Harris,45,Democratic,8-04-24,2024-08-06,1413
87696,YouGov,Donald Trump,43,Republican,8-04-24,2024-08-06,1413
87696,YouGov,Robert F. Kennedy,2,IND,8-04-24,2024-08-06,1413
87696,YouGov,Cornel West,0,IND,8-04-24,2024-08-06,1413
87696,YouGov,Jill Stein,1,GRE,8-04-24,2024-08-06,1413
87934,YouGov,Kamala Harris,41,Democratic,8-08-24,2024-08-16,900
87934,YouGov,Donald Trump,54,Republican,8-08-24,2024-08-16,900
87760,YouGov,Kamala Harris,46,Democratic,8-11-24,2024-08-13,1407
87760,YouGov,Donald Trump,44,Republican,8-11-24,2024-08-13,1407
87760,YouGov,Robert F. Kennedy,3,IND,8-11-24,2024-08-13,1407
87760,YouGov,Cornel West,0,IND,8-11-24,2024-08-13,1407
87760,YouGov,Jill Stein,1,GRE,8-11-24,2024-08-13,1407
83418,YouGov,Joe Biden,38,Democratic,8-12-23,2023-08-15,1500
83418,YouGov,Donald Trump,39,Republican,8-12-23,2023-08-15,1500
83418,YouGov,Joe Biden,43,Democratic,8-12-23,2023-08-15,1321
83418,YouGov,Donald Trump,42,Republican,8-12-23,2023-08-15,1321
88021,YouGov,Kamala Harris,47,Democratic,9-01-24,2024-09-03,1389
88021,YouGov,Donald Trump,45,Republican,9-01-24,2024-09-03,1389
88021,YouGov,Jill Stein,1,GRE,9-01-24,2024-09-03,1389
88021,YouGov,Cornel West,0,IND,9-01-24,2024-09-03,1389
79964,YouGov,Joe Biden,43,Democratic,9-02-22,2022-09-06,1634
79964,YouGov,Donald Trump,40,Republican,9-02-22,2022-09-06,1634
79964,YouGov,Joe Biden,48,Democratic,9-02-22,2022-09-06,1247
79964,YouGov,Donald Trump,42,Republican,9-02-22,2022-09-06,1247
88070,YouGov,Kamala Harris,50,Democratic,9-03-24,2024-09-06,1077
88070,YouGov,Donald Trump,49,Republican,9-03-24,2024-09-06,1077
88071,YouGov,Kamala Harris,50,Democratic,9-03-24,2024-09-06,1078
88071,YouGov,Donald Trump,50,Republican,9-03-24,2024-09-06,1078
88072,YouGov,Kamala Harris,51,Democratic,9-03-24,2024-09-06,946
88072,YouGov,Donald Trump,49,Republican,9-03-24,2024-09-06,946
88130,YouGov,Kamala Harris,45,Democratic,9-08-24,2024-09-10,1464
88130,YouGov,Donald Trump,45,Republican,9-08-24,2024-09-10,1464
88130,YouGov,Jill Stein,1,GRE,9-08-24,2024-09-10,1464
88130,YouGov,Cornel West,1,IND,9-08-24,2024-09-10,1464
84136,YouGov,Joe Biden,44,Democratic,9-10-23,2023-09-12,1334
84136,YouGov,Donald Trump,43,Republican,9-10-23,2023-09-12,1334
88170,YouGov,Kamala Harris,50,Democratic,9-11-24,2024-09-13,1177
88170,YouGov,Donald Trump,45,Republican,9-11-24,2024-09-13,1177
88170,YouGov,Kamala Harris,50,Democratic,9-11-24,2024-09-13,1090
88170,YouGov,Donald Trump,46,Republican,9-11-24,2024-09-13,1090
88170,YouGov,Kamala Harris,48,Democratic,9-11-24,2024-09-13,1175
88170,YouGov,Donald Trump,44,Republican,9-11-24,2024-09-13,1175
88170,YouGov,Cornel West,1,IND,9-11-24,2024-09-13,1175
88170,YouGov,Jill Stein,1,GRE,9-11-24,2024-09-13,1175
88170,YouGov,Chase Oliver,1,LIB,9-11-24,2024-09-13,1175
88170,YouGov,Kamala Harris,49,Democratic,9-11-24,2024-09-13,1090
88170,YouGov,Donald Trump,45,Republican,9-11-24,2024-09-13,1090
88170,YouGov,Cornel West,1,IND,9-11-24,2024-09-13,1090
88170,YouGov,Jill Stein,1,GRE,9-11-24,2024-09-13,1090
88170,YouGov,Chase Oliver,1,LIB,9-11-24,2024-09-13,1090
84170,YouGov,Joe Biden,49,Democratic,9-12-23,2023-09-15,2525
84170,YouGov,Donald Trump,50,Republican,9-12-23,2023-09-15,2525
88768,YouGov,Kamala Harris,46,Democratic,10-02-24,2024-10-10,1091
88768,YouGov,Donald Trump,51,Republican,10-02-24,2024-10-10,1091
88768,YouGov,Jill Stein,2,GRE,10-02-24,2024-10-10,1091
88768,YouGov,Chase Oliver,1,LIB,10-02-24,2024-10-10,1091
88527,YouGov,Kamala Harris,46,Democratic,10-02-24,2024-10-04,1150
88527,YouGov,Donald Trump,45,Republican,10-02-24,2024-10-04,1150
88527,YouGov,Cornel West,1,IND,10-02-24,2024-10-04,1150
88527,YouGov,Jill Stein,1,GRE,10-02-24,2024-10-04,1150
88527,YouGov,Chase Oliver,1,LIB,10-02-24,2024-10-04,1150
88527,YouGov,Kamala Harris,47,Democratic,10-02-24,2024-10-04,1032
88527,YouGov,Donald Trump,47,Republican,10-02-24,2024-10-04,1032
88527,YouGov,Cornel West,1,IND,10-02-24,2024-10-04,1032
88527,YouGov,Jill Stein,1,GRE,10-02-24,2024-10-04,1032
88527,YouGov,Chase Oliver,1,LIB,10-02-24,2024-10-04,1032
88527,YouGov,Kamala Harris,48,Democratic,10-02-24,2024-10-04,1151
88527,YouGov,Donald Trump,46,Republican,10-02-24,2024-10-04,1151
88527,YouGov,Kamala Harris,48,Democratic,10-02-24,2024-10-04,1033
88527,YouGov,Donald Trump,47,Republican,10-02-24,2024-10-04,1033
84488,YouGov,Joe Biden,37,Democratic,10-05-23,2023-10-17,1200
84488,YouGov,Donald Trump,45,Republican,10-05-23,2023-10-17,1200
84488,YouGov,Joe Biden,38,Democratic,10-05-23,2023-10-17,1200
84488,YouGov,Ron DeSantis,39,Republican,10-05-23,2023-10-17,1200
84488,YouGov,Joe Biden,36,Democratic,10-05-23,2023-10-17,1200
84488,YouGov,Vivek G. Ramaswamy,33,Republican,10-05-23,2023-10-17,1200
84488,YouGov,Joe Biden,34,Democratic,10-05-23,2023-10-17,1200
84488,YouGov,Nikki Haley,32,Republican,10-05-23,2023-10-17,1200
84488,YouGov,Joe Biden,34,Democratic,10-05-23,2023-10-17,1200
84488,YouGov,Tim Scott,33,Republican,10-05-23,2023-10-17,1200
84488,YouGov,Joe Biden,36,Democratic,10-05-23,2023-10-17,1200
84488,YouGov,Mike Pence,29,Republican,10-05-23,2023-10-17,1200
88590,YouGov,Kamala Harris,47,Democratic,10-06-24,2024-10-07,1414
88590,YouGov,Donald Trump,44,Republican,10-06-24,2024-10-07,1414
88590,YouGov,Jill Stein,1,GRE,10-06-24,2024-10-07,1414
88590,YouGov,Cornel West,0,IND,10-06-24,2024-10-07,1414
88590,YouGov,Kamala Harris,49,Democratic,10-06-24,2024-10-07,1230
88590,YouGov,Donald Trump,45,Republican,10-06-24,2024-10-07,1230
88590,YouGov,Jill Stein,1,GRE,10-06-24,2024-10-07,1230
88590,YouGov,Cornel West,0,IND,10-06-24,2024-10-07,1230
84373,YouGov,Joe Biden,38,Democratic,10-08-23,2023-10-10,1500
84373,YouGov,Donald Trump,38,Republican,10-08-23,2023-10-10,1500
84373,YouGov,Joe Biden,43,Democratic,10-08-23,2023-10-10,1296
84373,YouGov,Donald Trump,42,Republican,10-08-23,2023-10-10,1296
88670,YouGov,Kamala Harris,51,Democratic,10-08-24,2024-10-11,2712
88670,YouGov,Donald Trump,48,Republican,10-08-24,2024-10-11,2712
81537,YouGov,Gavin Newsom,49,Democratic,10-11-22,2022-10-26,5050
81537,YouGov,Ron DeSantis,51,Republican,10-11-22,2022-10-26,5050
88762,YouGov,Kamala Harris,48,Democratic,10-11-24,2024-10-16,1435
88762,YouGov,Donald Trump,51,Republican,10-11-24,2024-10-16,1435
84440,YouGov,Joe Biden,44,Democratic,10-12-23,2023-10-16,1123
84440,YouGov,Donald Trump,43,Republican,10-12-23,2023-10-16,1123
84440,YouGov,Joe Biden,42,Democratic,10-12-23,2023-10-16,1123
84440,YouGov,Donald Trump,40,Republican,10-12-23,2023-10-16,1123
84440,YouGov,Joe Biden,40,Democratic,10-12-23,2023-10-16,1123
84440,YouGov,Donald Trump,39,Republican,10-12-23,2023-10-16,1123
84440,YouGov,Robert F. Kennedy,9,IND,10-12-23,2023-10-16,1123
88710,YouGov,Kamala Harris,48,Democratic,10-12-24,2024-10-15,1457
88710,YouGov,Donald Trump,45,Republican,10-12-24,2024-10-15,1457
88710,YouGov,Jill Stein,1,GRE,10-12-24,2024-10-15,1457
88710,YouGov,Cornel West,1,IND,10-12-24,2024-10-15,1457
88710,YouGov,Kamala Harris,49,Democratic,10-12-24,2024-10-15,1314
88710,YouGov,Donald Trump,45,Republican,10-12-24,2024-10-15,1314
88710,YouGov,Jill Stein,1,GRE,10-12-24,2024-10-15,1314
88710,YouGov,Cornel West,0,IND,10-12-24,2024-10-15,1314
77487,YouGov,Joe Biden,43,Democratic,11-04-21,2021-11-08,1673
77487,YouGov,Donald Trump,39,Republican,11-04-21,2021-11-08,1673
84686,YouGov,Joe Biden,42,Democratic,11-09-23,2023-11-13,1058
84686,YouGov,Donald Trump,44,Republican,11-09-23,2023-11-13,1058
84686,YouGov,Joe Biden,39,Democratic,11-09-23,2023-11-13,1061
84686,YouGov,Nikki Haley,37,Republican,11-09-23,2023-11-13,1061
84681,YouGov,Joe Biden,42,Democratic,11-11-23,2023-11-14,1272
84681,YouGov,Donald Trump,43,Republican,11-11-23,2023-11-14,1272
81768,YouGov,Joe Biden,37,Democratic,12-01-22,2022-12-05,1635
81768,YouGov,Donald Trump,35,Republican,12-01-22,2022-12-05,1635
81768,YouGov,Joe Biden,45,Democratic,12-01-22,2022-12-05,1204
81768,YouGov,Donald Trump,42,Republican,12-01-22,2022-12-05,1204
81768,YouGov,Joe Biden,37,Democratic,12-01-22,2022-12-05,1635
81768,YouGov,Ron DeSantis,35,Republican,12-01-22,2022-12-05,1635
81768,YouGov,Joe Biden,44,Democratic,12-01-22,2022-12-05,1204
81768,YouGov,Ron DeSantis,44,Republican,12-01-22,2022-12-05,1204
85733,YouGov,Joe Biden,47,Democratic,12-01-23,2023-12-18,800
85733,YouGov,Donald Trump,40,Republican,12-01-23,2023-12-18,800
85733,YouGov,Joe Biden,46,Democratic,12-01-23,2023-12-18,800
85733,YouGov,Ron DeSantis,33,Republican,12-01-23,2023-12-18,800
85451,YouGov,Joe Biden,39,Democratic,12-01-23,2023-12-10,1200
85451,YouGov,Donald Trump,45,Republican,12-01-23,2023-12-10,1200
85451,YouGov,Joe Biden,37,Democratic,12-01-23,2023-12-10,1200
85451,YouGov,Ron DeSantis,39,Republican,12-01-23,2023-12-10,1200
85451,YouGov,Joe Biden,37,Democratic,12-01-23,2023-12-10,1200
85451,YouGov,Vivek G. Ramaswamy,34,Republican,12-01-23,2023-12-10,1200
85451,YouGov,Joe Biden,36,Democratic,12-01-23,2023-12-10,1200
85451,YouGov,Nikki Haley,33,Republican,12-01-23,2023-12-10,1200
85451,YouGov,Joe Biden,34,Democratic,12-01-23,2023-12-10,1200
85451,YouGov,Donald Trump,42,Republican,12-01-23,2023-12-10,1200
85451,YouGov,Robert F. Kennedy,8,IND,12-01-23,2023-12-10,1200
85451,YouGov,Cornel West,3,IND,12-01-23,2023-12-10,1200
85451,YouGov,Jill Stein,2,GRE,12-01-23,2023-12-10,1200
84875,YouGov,Joe Biden,42,Democratic,12-02-23,2023-12-05,1291
84875,YouGov,Donald Trump,41,Republican,12-02-23,2023-12-05,1291
78101,YouGov,Joe Biden,47,Democratic,12-09-21,2021-12-13,574
78101,YouGov,Donald Trump,41,Republican,12-09-21,2021-12-13,574
78101,YouGov,Joe Biden,38,Democratic,12-09-21,2021-12-13,585
78101,YouGov,Donald Trump,35,Republican,12-09-21,2021-12-13,585
78101,YouGov,Joe Biden,45,Democratic,12-09-21,2021-12-13,777
78101,YouGov,Donald Trump,38,Republican,12-09-21,2021-12-13,777
78101,YouGov,Joe Biden,35,Democratic,12-09-21,2021-12-13,773
78101,YouGov,Donald Trump,32,Republican,12-09-21,2021-12-13,773
85335,YouGov,Joe Biden,43,Democratic,12-09-23,2023-12-12,1332
85335,YouGov,Donald Trump,43,Republican,12-09-23,2023-12-12,1332
88482,YouGov,Kamala Harris,48,Democratic,NA,2024-10-01,1463
88482,YouGov,Donald Trump,45,Republican,NA,2024-10-01,1463
88482,YouGov,Jill Stein,1,GRE,NA,2024-10-01,1463
88482,YouGov,Cornel West,0,IND,NA,2024-10-01,1463
88482,YouGov,Kamala Harris,49,Democratic,NA,2024-10-01,1261
88482,YouGov,Donald Trump,46,Republican,NA,2024-10-01,1261
88482,YouGov,Jill Stein,1,GRE,NA,2024-10-01,1261
88482,YouGov,Cornel West,0,IND,NA,2024-10-01,1261
88351,YouGov,Kamala Harris,47,Democratic,NA,2024-09-24,1424
88351,YouGov,Donald Trump,44,Republican,NA,2024-09-24,1424
88351,YouGov,Jill Stein,1,GRE,NA,2024-09-24,1424
88351,YouGov,Cornel West,0,IND,NA,2024-09-24,1424
88351,YouGov,Kamala Harris,49,Democratic,NA,2024-09-24,1220
88351,YouGov,Donald Trump,46,Republican,NA,2024-09-24,1220
88351,YouGov,Jill Stein,1,GRE,NA,2024-09-24,1220
88351,YouGov,Cornel West,0,IND,NA,2024-09-24,1220
88361,YouGov,Kamala Harris,49,Democratic,NA,2024-09-24,1441
88361,YouGov,Donald Trump,51,Republican,NA,2024-09-24,1441
88274,YouGov,Kamala Harris,52,Democratic,NA,2024-09-20,3129
88274,YouGov,Donald Trump,48,Republican,NA,2024-09-20,3129
88208,YouGov,Kamala Harris,49,Democratic,NA,2024-09-17,1445
88208,YouGov,Donald Trump,45,Republican,NA,2024-09-17,1445
88208,YouGov,Jill Stein,1,GRE,NA,2024-09-17,1445
88208,YouGov,Cornel West,0,IND,NA,2024-09-17,1445
88067,YouGov,Kamala Harris,44,Democratic,NA,2024-08-31,1200
88067,YouGov,Donald Trump,49,Republican,NA,2024-08-31,1200
88067,YouGov,Jill Stein,2,GRE,NA,2024-08-31,1200
88067,YouGov,Chase Oliver,0,LIB,NA,2024-08-31,1200
88067,YouGov,Kamala Harris,44,Democratic,NA,2024-08-31,1200
88067,YouGov,Donald Trump,49,Republican,NA,2024-08-31,1200
87920,YouGov,Kamala Harris,47,Democratic,NA,2024-08-27,1368
87920,YouGov,Donald Trump,45,Republican,NA,2024-08-27,1368
87920,YouGov,Jill Stein,1,GRE,NA,2024-08-27,1368
87920,YouGov,Cornel West,0,IND,NA,2024-08-27,1368
87918,YouGov,Kamala Harris,46,Democratic,NA,2024-08-26,1194
87918,YouGov,Donald Trump,45,Republican,NA,2024-08-26,1194
87918,YouGov,Cornel West,1,IND,NA,2024-08-26,1194
87918,YouGov,Jill Stein,1,GRE,NA,2024-08-26,1194
87918,YouGov,Chase Oliver,1,LIB,NA,2024-08-26,1194
87918,YouGov,Kamala Harris,47,Democratic,NA,2024-08-26,1197
87918,YouGov,Donald Trump,46,Republican,NA,2024-08-26,1197
87918,YouGov,Kamala Harris,39,Democratic,NA,2024-08-26,1788
87918,YouGov,Donald Trump,36,Republican,NA,2024-08-26,1788
87918,YouGov,Robert F. Kennedy,7,IND,NA,2024-08-26,1788
87918,YouGov,Cornel West,1,IND,NA,2024-08-26,1788
87918,YouGov,Jill Stein,1,GRE,NA,2024-08-26,1788
87918,YouGov,Chase Oliver,1,LIB,NA,2024-08-26,1788
87918,YouGov,Kamala Harris,44,Democratic,NA,2024-08-26,1200
87918,YouGov,Donald Trump,42,Republican,NA,2024-08-26,1200
87918,YouGov,Robert F. Kennedy,6,IND,NA,2024-08-26,1200
87918,YouGov,Cornel West,0,IND,NA,2024-08-26,1200
87918,YouGov,Jill Stein,1,GRE,NA,2024-08-26,1200
87918,YouGov,Chase Oliver,1,LIB,NA,2024-08-26,1200
88080,YouGov,Kamala Harris,43,Democratic,NA,2024-08-23,500
88080,YouGov,Donald Trump,42.5,Republican,NA,2024-08-23,500
88080,YouGov,Kamala Harris,47,Democratic,NA,2024-08-23,NA
88080,YouGov,Donald Trump,47,Republican,NA,2024-08-23,NA
88080,YouGov,Kamala Harris,43,Democratic,NA,2024-08-23,500
88080,YouGov,Donald Trump,41,Republican,NA,2024-08-23,500
88080,YouGov,Robert F. Kennedy,3,IND,NA,2024-08-23,500
88080,YouGov,Jill Stein,1,GRE,NA,2024-08-23,500
88080,YouGov,Cornel West,0,IND,NA,2024-08-23,500
88080,YouGov,Chase Oliver,0.5,LIB,NA,2024-08-23,500
88080,YouGov,Kamala Harris,48,Democratic,NA,2024-08-23,NA
88080,YouGov,Donald Trump,46,Republican,NA,2024-08-23,NA
88080,YouGov,Robert F. Kennedy,2,IND,NA,2024-08-23,NA
88080,YouGov,Jill Stein,1,GRE,NA,2024-08-23,NA
88080,YouGov,Cornel West,0,IND,NA,2024-08-23,NA
88080,YouGov,Chase Oliver,1,LIB,NA,2024-08-23,NA
88081,YouGov,Kamala Harris,48,Democratic,NA,2024-08-23,500
88081,YouGov,Donald Trump,42,Republican,NA,2024-08-23,500
88081,YouGov,Kamala Harris,51,Democratic,NA,2024-08-23,NA
88081,YouGov,Donald Trump,46,Republican,NA,2024-08-23,NA
88081,YouGov,Kamala Harris,45,Democratic,NA,2024-08-23,500
88081,YouGov,Donald Trump,40,Republican,NA,2024-08-23,500
88081,YouGov,Robert F. Kennedy,4,IND,NA,2024-08-23,500
88081,YouGov,Jill Stein,0.5,GRE,NA,2024-08-23,500
88081,YouGov,Cornel West,1,IND,NA,2024-08-23,500
88081,YouGov,Chase Oliver,0,LIB,NA,2024-08-23,500
88081,YouGov,Kamala Harris,49,Democratic,NA,2024-08-23,NA
88081,YouGov,Donald Trump,45,Republican,NA,2024-08-23,NA
88081,YouGov,Robert F. Kennedy,1,IND,NA,2024-08-23,NA
88081,YouGov,Jill Stein,0,GRE,NA,2024-08-23,NA
88081,YouGov,Cornel West,1,IND,NA,2024-08-23,NA
88081,YouGov,Chase Oliver,0,LIB,NA,2024-08-23,NA
88082,YouGov,Kamala Harris,44,Democratic,NA,2024-08-23,500
88082,YouGov,Donald Trump,43.5,Republican,NA,2024-08-23,500
88082,YouGov,Kamala Harris,47,Democratic,NA,2024-08-23,NA
88082,YouGov,Donald Trump,48,Republican,NA,2024-08-23,NA
88082,YouGov,Kamala Harris,44,Democratic,NA,2024-08-23,500
88082,YouGov,Donald Trump,41.5,Republican,NA,2024-08-23,500
88082,YouGov,Robert F. Kennedy,5,IND,NA,2024-08-23,500
88082,YouGov,Jill Stein,0,GRE,NA,2024-08-23,500
88082,YouGov,Cornel West,1,IND,NA,2024-08-23,500
88082,YouGov,Chase Oliver,0.5,LIB,NA,2024-08-23,500
88082,YouGov,Kamala Harris,47,Democratic,NA,2024-08-23,NA
88082,YouGov,Donald Trump,46,Republican,NA,2024-08-23,NA
88082,YouGov,Robert F. Kennedy,4,IND,NA,2024-08-23,NA
88082,YouGov,Jill Stein,0,GRE,NA,2024-08-23,NA
88082,YouGov,Cornel West,0,IND,NA,2024-08-23,NA
88082,YouGov,Chase Oliver,0,LIB,NA,2024-08-23,NA
88324,YouGov,Kamala Harris,44,Democratic,NA,2024-08-22,1835
88324,YouGov,Donald Trump,40,Republican,NA,2024-08-22,1835
87853,YouGov,Kamala Harris,46,Democratic,NA,2024-08-20,1371
87853,YouGov,Donald Trump,43,Republican,NA,2024-08-20,1371
87853,YouGov,Robert F. Kennedy,3,IND,NA,2024-08-20,1371
87853,YouGov,Cornel West,0,IND,NA,2024-08-20,1371
87853,YouGov,Jill Stein,0,GRE,NA,2024-08-20,1371
87810,YouGov,Kamala Harris,51,Democratic,NA,2024-08-16,3253
87810,YouGov,Donald Trump,48,Republican,NA,2024-08-16,3253
87810,YouGov,Kamala Harris,49,Democratic,NA,2024-08-16,3253
87810,YouGov,Donald Trump,47,Republican,NA,2024-08-16,3253
87810,YouGov,Robert F. Kennedy,2,IND,NA,2024-08-16,3253
87810,YouGov,Cornel West,0,IND,NA,2024-08-16,3253
87810,YouGov,Jill Stein,1,GRE,NA,2024-08-16,3253
87810,YouGov,Chase Oliver,0,LIB,NA,2024-08-16,3253
87663,YouGov,Kamala Harris,50,Democratic,NA,2024-08-02,3092
87663,YouGov,Donald Trump,49,Republican,NA,2024-08-02,3092
87663,YouGov,Kamala Harris,49,Democratic,NA,2024-08-02,3092
87663,YouGov,Donald Trump,47,Republican,NA,2024-08-02,3092
87663,YouGov,Robert F. Kennedy,2,IND,NA,2024-08-02,3092
87663,YouGov,Cornel West,0,IND,NA,2024-08-02,3092
87663,YouGov,Jill Stein,0,GRE,NA,2024-08-02,3092
87663,YouGov,Chase Oliver,0,LIB,NA,2024-08-02,3092
87628,YouGov,Kamala Harris,46,Democratic,NA,2024-07-30,1434
87628,YouGov,Donald Trump,44,Republican,NA,2024-07-30,1434
87628,YouGov,Robert F. Kennedy,3,IND,NA,2024-07-30,1434
87628,YouGov,Cornel West,0,IND,NA,2024-07-30,1434
87628,YouGov,Jill Stein,0,GRE,NA,2024-07-30,1434
87555,YouGov,Kamala Harris,44,Democratic,NA,2024-07-23,1155
87555,YouGov,Donald Trump,46,Republican,NA,2024-07-23,1155
87555,YouGov,Robert F. Kennedy,4,IND,NA,2024-07-23,1155
87555,YouGov,Jill Stein,1,GRE,NA,2024-07-23,1155
87555,YouGov,Cornel West,0,IND,NA,2024-07-23,1155
87536,YouGov,Kamala Harris,41,Democratic,NA,2024-07-23,1435
87536,YouGov,Donald Trump,44,Republican,NA,2024-07-23,1435
87536,YouGov,Robert F. Kennedy,5,IND,NA,2024-07-23,1435
87536,YouGov,Cornel West,1,IND,NA,2024-07-23,1435
87536,YouGov,Jill Stein,1,GRE,NA,2024-07-23,1435
87529,YouGov,Joe Biden,41,Democratic,NA,2024-07-22,1178
87529,YouGov,Donald Trump,43,Republican,NA,2024-07-22,1178
87529,YouGov,Robert F. Kennedy,5,IND,NA,2024-07-22,1178
87529,YouGov,Cornel West,1,IND,NA,2024-07-22,1178
87529,YouGov,Jill Stein,1,GRE,NA,2024-07-22,1178
87529,YouGov,Chase Oliver,0,LIB,NA,2024-07-22,1178
87529,YouGov,Joe Biden,45,Democratic,NA,2024-07-22,1115
87529,YouGov,Donald Trump,45,Republican,NA,2024-07-22,1115
87529,YouGov,Kamala Harris,41,Democratic,NA,2024-07-22,1178
87529,YouGov,Donald Trump,43,Republican,NA,2024-07-22,1178
87529,YouGov,Robert F. Kennedy,5,IND,NA,2024-07-22,1178
87529,YouGov,Cornel West,1,IND,NA,2024-07-22,1178
87529,YouGov,Jill Stein,1,GRE,NA,2024-07-22,1178
87529,YouGov,Chase Oliver,1,LIB,NA,2024-07-22,1178
87529,YouGov,Kamala Harris,46,Democratic,NA,2024-07-22,1178
87529,YouGov,Donald Trump,46,Republican,NA,2024-07-22,1178
87529,YouGov,Gavin Newsom,40,Democratic,NA,2024-07-22,1178
87529,YouGov,Donald Trump,46,Republican,NA,2024-07-22,1178
87529,YouGov,Gretchen Whitmer,41,Democratic,NA,2024-07-22,1178
87529,YouGov,Donald Trump,46,Republican,NA,2024-07-22,1178
87529,YouGov,Josh Shapiro,39,Democratic,NA,2024-07-22,1178
87529,YouGov,Donald Trump,46,Republican,NA,2024-07-22,1178
87483,YouGov,Joe Biden,47,Democratic,NA,2024-07-18,2241
87483,YouGov,Donald Trump,52,Republican,NA,2024-07-18,2241
87483,YouGov,Kamala Harris,48,Democratic,NA,2024-07-18,2240
87483,YouGov,Donald Trump,51,Republican,NA,2024-07-18,2240
87437,YouGov,Joe Biden,41,Democratic,NA,2024-07-16,1404
87437,YouGov,Donald Trump,43,Republican,NA,2024-07-16,1404
87437,YouGov,Robert F. Kennedy,4,IND,NA,2024-07-16,1404
87437,YouGov,Cornel West,1,IND,NA,2024-07-16,1404
87437,YouGov,Jill Stein,1,GRE,NA,2024-07-16,1404
87437,YouGov,Kamala Harris,39,Democratic,NA,2024-07-16,1404
87437,YouGov,Donald Trump,44,Republican,NA,2024-07-16,1404
87437,YouGov,Robert F. Kennedy,5,IND,NA,2024-07-16,1404
87437,YouGov,Jill Stein,2,GRE,NA,2024-07-16,1404
87437,YouGov,Cornel West,1,IND,NA,2024-07-16,1404
87300,YouGov,Joe Biden,40,Democratic,NA,2024-07-02,1392
87300,YouGov,Donald Trump,42,Republican,NA,2024-07-02,1392
87300,YouGov,Robert F. Kennedy,5,IND,NA,2024-07-02,1392
87300,YouGov,Cornel West,1,IND,NA,2024-07-02,1392
87300,YouGov,Jill Stein,1,GRE,NA,2024-07-02,1392
87299,YouGov,Joe Biden,48,Democratic,NA,2024-07-02,2815
87299,YouGov,Donald Trump,50,Republican,NA,2024-07-02,2815
87299,YouGov,Joe Biden,40,Democratic,NA,2024-07-02,2815
87299,YouGov,Donald Trump,44,Republican,NA,2024-07-02,2815
87299,YouGov,Robert F. Kennedy,11,IND,NA,2024-07-02,2815
87299,YouGov,Jill Stein,3,GRE,NA,2024-07-02,2815
87299,YouGov,Cornel West,2,IND,NA,2024-07-02,2815
87298,YouGov,Joe Biden,40,Democratic,NA,2024-07-01,1176
87298,YouGov,Donald Trump,44,Republican,NA,2024-07-01,1176
87298,YouGov,Joe Biden,43,Democratic,NA,2024-07-01,1176
87298,YouGov,Donald Trump,45,Republican,NA,2024-07-01,1176
87298,YouGov,Kamala Harris,45,Democratic,NA,2024-07-01,1176
87298,YouGov,Donald Trump,47,Republican,NA,2024-07-01,1176
87244,YouGov,Joe Biden,42,Democratic,NA,2024-06-25,1406
87244,YouGov,Donald Trump,42,Republican,NA,2024-06-25,1406
87244,YouGov,Robert F. Kennedy,4,IND,NA,2024-06-25,1406
87244,YouGov,Cornel West,0,IND,NA,2024-06-25,1406
87244,YouGov,Jill Stein,1,GRE,NA,2024-06-25,1406
87221,YouGov,Joe Biden,49,Democratic,NA,2024-06-21,1878
87221,YouGov,Donald Trump,50,Republican,NA,2024-06-21,1878
87204,YouGov,Joe Biden,42,Democratic,NA,2024-06-18,1396
87204,YouGov,Donald Trump,42,Republican,NA,2024-06-18,1396
87204,YouGov,Robert F. Kennedy,4,IND,NA,2024-06-18,1396
87204,YouGov,Cornel West,1,IND,NA,2024-06-18,1396
87204,YouGov,Jill Stein,1,GRE,NA,2024-06-18,1396
87203,YouGov,Joe Biden,34,Democratic,NA,2024-06-09,1200
87203,YouGov,Donald Trump,43,Republican,NA,2024-06-09,1200
87203,YouGov,Robert F. Kennedy,8,IND,NA,2024-06-09,1200
87203,YouGov,Jill Stein,2,GRE,NA,2024-06-09,1200
87203,YouGov,Cornel West,2,IND,NA,2024-06-09,1200
87203,YouGov,Chase Oliver,0,LIB,NA,2024-06-09,1200
87203,YouGov,Joe Biden,39,Democratic,NA,2024-06-09,1200
87203,YouGov,Donald Trump,46,Republican,NA,2024-06-09,1200
87051,YouGov,Joe Biden,40,Democratic,NA,2024-05-28,1547
87051,YouGov,Donald Trump,41,Republican,NA,2024-05-28,1547
87051,YouGov,Robert F. Kennedy,4,IND,NA,2024-05-28,1547
87051,YouGov,Cornel West,1,IND,NA,2024-05-28,1547
87051,YouGov,Jill Stein,1,GRE,NA,2024-05-28,1547
86985,YouGov,Joe Biden,40,Democratic,NA,2024-05-21,1560
86985,YouGov,Donald Trump,41,Republican,NA,2024-05-21,1560
86985,YouGov,Robert F. Kennedy,5,IND,NA,2024-05-21,1560
86985,YouGov,Cornel West,1,IND,NA,2024-05-21,1560
86985,YouGov,Jill Stein,1,GRE,NA,2024-05-21,1560
86773,YouGov,Joe Biden,43,Democratic,NA,2024-04-30,1479
86773,YouGov,Donald Trump,44,Republican,NA,2024-04-30,1479
86773,YouGov,Robert F. Kennedy,3,IND,NA,2024-04-30,1479
86773,YouGov,Cornel West,1,IND,NA,2024-04-30,1479
86773,YouGov,Jill Stein,1,GRE,NA,2024-04-30,1479
86739,YouGov,Joe Biden,49,Democratic,NA,2024-04-25,1288
86739,YouGov,Donald Trump,50,Republican,NA,2024-04-25,1288
86740,YouGov,Joe Biden,51,Democratic,NA,2024-04-25,1262
86740,YouGov,Donald Trump,49,Republican,NA,2024-04-25,1262
86740,YouGov,Joe Biden,45,Democratic,NA,2024-04-25,1262
86740,YouGov,Donald Trump,43,Republican,NA,2024-04-25,1262
86740,YouGov,Robert F. Kennedy,9,IND,NA,2024-04-25,1262
86740,YouGov,Jill Stein,3,GRE,NA,2024-04-25,1262
86741,YouGov,Joe Biden,49,Democratic,NA,2024-04-25,1226
86741,YouGov,Donald Trump,50,Republican,NA,2024-04-25,1226
86741,YouGov,Joe Biden,44,Democratic,NA,2024-04-25,1226
86741,YouGov,Donald Trump,48,Republican,NA,2024-04-25,1226
86741,YouGov,Jill Stein,8,GRE,NA,2024-04-25,1226
86717,YouGov,Joe Biden,43,Democratic,NA,2024-04-23,1470
86717,YouGov,Donald Trump,43,Republican,NA,2024-04-23,1470
86717,YouGov,Robert F. Kennedy,3,IND,NA,2024-04-23,1470
86717,YouGov,Cornel West,0,IND,NA,2024-04-23,1470
86717,YouGov,Jill Stein,0,GRE,NA,2024-04-23,1470
86671,YouGov,Joe Biden,44,Democratic,NA,2024-04-16,1358
86671,YouGov,Donald Trump,44,Republican,NA,2024-04-16,1358
86671,YouGov,Robert F. Kennedy,3,IND,NA,2024-04-16,1358
86671,YouGov,Cornel West,1,IND,NA,2024-04-16,1358
86671,YouGov,Jill Stein,0,GRE,NA,2024-04-16,1358
86592,YouGov,Joe Biden,43,Democratic,NA,2024-04-02,1604
86592,YouGov,Donald Trump,43,Republican,NA,2024-04-02,1604
86592,YouGov,Robert F. Kennedy,2,IND,NA,2024-04-02,1604
86592,YouGov,Cornel West,1,IND,NA,2024-04-02,1604
86592,YouGov,Jill Stein,0,GRE,NA,2024-04-02,1604
86558,YouGov,Joe Biden,43,Democratic,NA,2024-03-26,1415
86558,YouGov,Donald Trump,44,Republican,NA,2024-03-26,1415
86558,YouGov,Robert F. Kennedy,3,IND,NA,2024-03-26,1415
86558,YouGov,Cornel West,0,IND,NA,2024-03-26,1415
86558,YouGov,Jill Stein,1,GRE,NA,2024-03-26,1415
86498,YouGov,Joe Biden,44,Democratic,NA,2024-03-19,1510
86498,YouGov,Donald Trump,43,Republican,NA,2024-03-19,1510
86498,YouGov,Robert F. Kennedy,2,IND,NA,2024-03-19,1510
86498,YouGov,Cornel West,1,IND,NA,2024-03-19,1510
86498,YouGov,Jill Stein,0,GRE,NA,2024-03-19,1510
86258,YouGov,Joe Biden,48,Democratic,NA,2024-03-01,1436
86258,YouGov,Donald Trump,52,Republican,NA,2024-03-01,1436
86215,YouGov,Joe Biden,44,Democratic,NA,2024-02-27,1498
86215,YouGov,Donald Trump,44,Republican,NA,2024-02-27,1498
86145,YouGov,Joe Biden,42,Democratic,NA,2024-02-20,1360
86145,YouGov,Donald Trump,43,Republican,NA,2024-02-20,1360
86161,YouGov,Joe Biden,42,Democratic,NA,2024-02-04,1765
86161,YouGov,Donald Trump,44,Republican,NA,2024-02-04,1765
85772,YouGov,Joe Biden,43,Democratic,NA,2024-01-30,1486
85772,YouGov,Donald Trump,42,Republican,NA,2024-01-30,1486
85837,YouGov,Joe Biden,44,Democratic,NA,2024-01-30,850
85837,YouGov,Donald Trump,45,Republican,NA,2024-01-30,850
85837,YouGov,Joe Biden,39,Democratic,NA,2024-01-30,847
85837,YouGov,Nikki Haley,38,Republican,NA,2024-01-30,847
85761,YouGov,Joe Biden,44,Democratic,NA,2024-01-29,1069
85761,YouGov,Donald Trump,45,Republican,NA,2024-01-29,1069
85761,YouGov,Joe Biden,41,Democratic,NA,2024-01-29,1069
85761,YouGov,Donald Trump,42,Republican,NA,2024-01-29,1069
85761,YouGov,Joe Biden,40,Democratic,NA,2024-01-29,1069
85761,YouGov,Nikki Haley,35,Republican,NA,2024-01-29,1069
85699,YouGov,Joe Biden,43,Democratic,NA,2024-01-23,1497
85699,YouGov,Donald Trump,44,Republican,NA,2024-01-23,1497
85626,YouGov,Joe Biden,44,Democratic,NA,2024-01-16,1472
85626,YouGov,Donald Trump,43,Republican,NA,2024-01-16,1472
85493,YouGov,Joe Biden,44,Democratic,NA,2024-01-02,1343
85493,YouGov,Donald Trump,44,Republican,NA,2024-01-02,1343
85493,YouGov,Joe Biden,44,Democratic,NA,2024-01-02,1343
85493,YouGov,Ron DeSantis,41,Republican,NA,2024-01-02,1343
85493,YouGov,Joe Biden,41,Democratic,NA,2024-01-02,1343
85493,YouGov,Nikki Haley,36,Republican,NA,2024-01-02,1343
86162,YouGov,Joe Biden,41,Democratic,NA,2023-12-23,1765
86162,YouGov,Donald Trump,42,Republican,NA,2023-12-23,1765
85453,YouGov,Joe Biden,43,Democratic,NA,2023-12-18,1336
85453,YouGov,Donald Trump,43,Republican,NA,2023-12-18,1336
85454,YouGov,Joe Biden,44,Democratic,NA,2023-12-18,1027
85454,YouGov,Donald Trump,44,Republican,NA,2023-12-18,1027
85454,YouGov,Joe Biden,41,Democratic,NA,2023-12-18,1027
85454,YouGov,Donald Trump,41,Republican,NA,2023-12-18,1027
85454,YouGov,Joe Biden,39,Democratic,NA,2023-12-18,1027
85454,YouGov,Nikki Haley,36,Republican,NA,2023-12-18,1027
85454,YouGov,Gavin Newsom,41,Democratic,NA,2023-12-18,1027
85454,YouGov,Donald Trump,45,Republican,NA,2023-12-18,1027
85454,YouGov,Gretchen Whitmer,41,Democratic,NA,2023-12-18,1027
85454,YouGov,Donald Trump,44,Republican,NA,2023-12-18,1027
84832,YouGov,Joe Biden,44,Democratic,NA,2023-11-27,1323
84832,YouGov,Donald Trump,42,Republican,NA,2023-11-27,1323
84828,YouGov,Joe Biden,39,Democratic,NA,2023-11-27,1000
84828,YouGov,Donald Trump,37,Republican,NA,2023-11-27,1000
84828,YouGov,Joe Biden,38,Democratic,NA,2023-11-27,1000
84828,YouGov,Ron DeSantis,35,Republican,NA,2023-11-27,1000
84828,YouGov,Gavin Newsom,34,Democratic,NA,2023-11-27,1000
84828,YouGov,Donald Trump,36,Republican,NA,2023-11-27,1000
84828,YouGov,Gavin Newsom,31,Democratic,NA,2023-11-27,1000
84828,YouGov,Ron DeSantis,32,Republican,NA,2023-11-27,1000
84549,YouGov,Joe Biden,48,Democratic,NA,2023-11-03,1759
84549,YouGov,Donald Trump,51,Republican,NA,2023-11-03,1759
84513,YouGov,Joe Biden,39,Democratic,NA,2023-10-31,1500
84513,YouGov,Donald Trump,38,Republican,NA,2023-10-31,1500
84513,YouGov,Joe Biden,42,Democratic,NA,2023-10-31,1333
84513,YouGov,Donald Trump,42,Republican,NA,2023-10-31,1333
84250,YouGov,Joe Biden,39,Democratic,NA,2023-09-26,1500
84250,YouGov,Donald Trump,38,Republican,NA,2023-09-26,1500
84250,YouGov,Joe Biden,45,Democratic,NA,2023-09-26,1293
84250,YouGov,Donald Trump,40,Republican,NA,2023-09-26,1293
84188,YouGov,Joe Biden,44,Democratic,NA,2023-09-18,1097
84188,YouGov,Donald Trump,44,Republican,NA,2023-09-18,1097
84188,YouGov,Joe Biden,44,Democratic,NA,2023-09-18,1097
84188,YouGov,Ron DeSantis,41,Republican,NA,2023-09-18,1097
84188,YouGov,Joe Biden,42,Democratic,NA,2023-09-18,1097
84188,YouGov,Glenn Youngkin,34,Republican,NA,2023-09-18,1097
84039,YouGov,Joe Biden,43,Democratic,NA,2023-08-29,1303
84039,YouGov,Donald Trump,44,Republican,NA,2023-08-29,1303
83961,YouGov,Joe Biden,47,Democratic,NA,2023-08-21,1113
83961,YouGov,Donald Trump,41,Republican,NA,2023-08-21,1113
83961,YouGov,Joe Biden,45,Democratic,NA,2023-08-21,1116
83961,YouGov,Ron DeSantis,40,Republican,NA,2023-08-21,1116
83287,YouGov,Joe Biden,40,Democratic,NA,2023-07-25,1500
83287,YouGov,Donald Trump,38,Republican,NA,2023-07-25,1500
83287,YouGov,Joe Biden,44,Democratic,NA,2023-07-25,1306
83287,YouGov,Donald Trump,40,Republican,NA,2023-07-25,1306
83245,YouGov,Joe Biden,47,Democratic,NA,2023-07-17,1098
83245,YouGov,Donald Trump,43,Republican,NA,2023-07-17,1098
83245,YouGov,Joe Biden,46,Democratic,NA,2023-07-17,1098
83245,YouGov,Ron DeSantis,42,Republican,NA,2023-07-17,1098
83115,YouGov,Joe Biden,38,Democratic,NA,2023-06-27,1500
83115,YouGov,Donald Trump,41,Republican,NA,2023-06-27,1500
83115,YouGov,Joe Biden,40,Democratic,NA,2023-06-27,1315
83115,YouGov,Donald Trump,44,Republican,NA,2023-06-27,1315
83066,YouGov,Joe Biden,46,Democratic,NA,2023-06-20,1091
83066,YouGov,Donald Trump,42,Republican,NA,2023-06-20,1091
83066,YouGov,Joe Biden,44,Democratic,NA,2023-06-20,1087
83066,YouGov,Ron DeSantis,41,Republican,NA,2023-06-20,1087
82912,YouGov,Joe Biden,39,Democratic,NA,2023-05-31,1500
82912,YouGov,Donald Trump,39,Republican,NA,2023-05-31,1500
82912,YouGov,Joe Biden,43,Democratic,NA,2023-05-31,1313
82912,YouGov,Donald Trump,40,Republican,NA,2023-05-31,1313
82927,YouGov,Joe Biden,48,Democratic,NA,2023-05-30,1015
82927,YouGov,Donald Trump,41,Republican,NA,2023-05-30,1015
82927,YouGov,Joe Biden,46,Democratic,NA,2023-05-30,1011
82927,YouGov,Ron DeSantis,40,Republican,NA,2023-05-30,1011
82832,YouGov,Joe Biden,40,Democratic,NA,2023-05-16,1500
82832,YouGov,Donald Trump,41,Republican,NA,2023-05-16,1500
82832,YouGov,Joe Biden,42,Democratic,NA,2023-05-16,1302
82832,YouGov,Donald Trump,44,Republican,NA,2023-05-16,1302
82832,YouGov,Joe Biden,38,Democratic,NA,2023-05-16,1500
82832,YouGov,Ron DeSantis,38,Republican,NA,2023-05-16,1500
82832,YouGov,Joe Biden,41,Democratic,NA,2023-05-16,1302
82832,YouGov,Ron DeSantis,41,Republican,NA,2023-05-16,1302
82727,YouGov,Joe Biden,41,Democratic,NA,2023-05-02,1500
82727,YouGov,Donald Trump,41,Republican,NA,2023-05-02,1500
82727,YouGov,Joe Biden,46,Democratic,NA,2023-05-02,1357
82727,YouGov,Donald Trump,46,Republican,NA,2023-05-02,1357
82727,YouGov,Joe Biden,41,Democratic,NA,2023-05-02,1500
82727,YouGov,Ron DeSantis,36,Republican,NA,2023-05-02,1500
82727,YouGov,Joe Biden,45,Democratic,NA,2023-05-02,1357
82727,YouGov,Ron DeSantis,42,Republican,NA,2023-05-02,1357
82627,YouGov,Joe Biden,37,Democratic,NA,2023-04-18,1500
82627,YouGov,Donald Trump,41,Republican,NA,2023-04-18,1500
82627,YouGov,Joe Biden,43,Democratic,NA,2023-04-18,1316
82627,YouGov,Donald Trump,44,Republican,NA,2023-04-18,1316
82625,YouGov,Joe Biden,46,Democratic,NA,2023-04-17,1027
82625,YouGov,Donald Trump,42,Republican,NA,2023-04-17,1027
82625,YouGov,Joe Biden,45,Democratic,NA,2023-04-17,1027
82625,YouGov,Ron DeSantis,41,Republican,NA,2023-04-17,1027
82625,YouGov,Joe Biden,34,Democratic,NA,2023-04-17,1530
82625,YouGov,Donald Trump,36,Republican,NA,2023-04-17,1530
82501,YouGov,Joe Biden,45,Democratic,NA,2023-03-31,729
82501,YouGov,Donald Trump,43,Republican,NA,2023-03-31,729
82425,YouGov,Joe Biden,45,Democratic,NA,2023-03-20,1059
82425,YouGov,Donald Trump,43,Republican,NA,2023-03-20,1059
82425,YouGov,Joe Biden,43,Democratic,NA,2023-03-20,1060
82425,YouGov,Ron DeSantis,43,Republican,NA,2023-03-20,1060
82279,YouGov,Joe Biden,43,Democratic,NA,2023-02-27,1014
82279,YouGov,Donald Trump,45,Republican,NA,2023-02-27,1014
82279,YouGov,Joe Biden,42,Democratic,NA,2023-02-27,1014
82279,YouGov,Ron DeSantis,44,Republican,NA,2023-02-27,1014
82279,YouGov,Kamala Harris,42,Democratic,NA,2023-02-27,1014
82279,YouGov,Donald Trump,45,Republican,NA,2023-02-27,1014
82279,YouGov,Kamala Harris,40,Democratic,NA,2023-02-27,1014
82279,YouGov,Ron DeSantis,45,Republican,NA,2023-02-27,1014
82289,YouGov,Joe Biden,39,Democratic,NA,2023-02-27,1000
82289,YouGov,Donald Trump,38,Republican,NA,2023-02-27,1000
82289,YouGov,Joe Biden,36,Democratic,NA,2023-02-27,1000
82289,YouGov,Ron DeSantis,36,Republican,NA,2023-02-27,1000
81997,YouGov,Joe Biden,40,Democratic,NA,2023-01-17,1500
81997,YouGov,Ron DeSantis,35,Republican,NA,2023-01-17,1500
81997,YouGov,Joe Biden,43,Democratic,NA,2023-01-17,1314
81997,YouGov,Ron DeSantis,43,Republican,NA,2023-01-17,1314
81997,YouGov,Joe Biden,42,Democratic,NA,2023-01-17,1500
81997,YouGov,Donald Trump,36,Republican,NA,2023-01-17,1500
81997,YouGov,Joe Biden,46,Democratic,NA,2023-01-17,1314
81997,YouGov,Donald Trump,42,Republican,NA,2023-01-17,1314
81878,YouGov,Joe Biden,45,Democratic,NA,2022-12-19,1041
81878,YouGov,Donald Trump,41,Republican,NA,2022-12-19,1041
81878,YouGov,Joe Biden,43,Democratic,NA,2022-12-19,1041
81878,YouGov,Ron DeSantis,43,Republican,NA,2022-12-19,1041
81482,YouGov,Joe Biden,42,Democratic,NA,2022-10-31,1641
81482,YouGov,Donald Trump,36,Republican,NA,2022-10-31,1641
81482,YouGov,Joe Biden,48,Democratic,NA,2022-10-31,1172
81482,YouGov,Donald Trump,42,Republican,NA,2022-10-31,1172
81109,YouGov,Joe Biden,43,Democratic,NA,2022-10-17,1629
81109,YouGov,Donald Trump,39,Republican,NA,2022-10-17,1629
81109,YouGov,Joe Biden,46,Democratic,NA,2022-10-17,1209
81109,YouGov,Donald Trump,44,Republican,NA,2022-10-17,1209
80869,YouGov,Joe Biden,41,Democratic,NA,2022-09-27,1566
80869,YouGov,Donald Trump,40,Republican,NA,2022-09-27,1566
80869,YouGov,Joe Biden,47,Democratic,NA,2022-09-27,1138
80869,YouGov,Donald Trump,45,Republican,NA,2022-09-27,1138
79821,YouGov,Joe Biden,42,Democratic,NA,2022-08-22,1563
79821,YouGov,Donald Trump,39,Republican,NA,2022-08-22,1563
79821,YouGov,Joe Biden,46,Democratic,NA,2022-08-22,1185
79821,YouGov,Donald Trump,42,Republican,NA,2022-08-22,1185
79821,YouGov,Joe Biden,29,Democratic,NA,2022-08-22,1563
79821,YouGov,Donald Trump,37,Republican,NA,2022-08-22,1563
79821,YouGov,Liz Cheney,11,IND,NA,2022-08-22,1563
79821,YouGov,Joe Biden,32,Democratic,NA,2022-08-22,1185
79821,YouGov,Donald Trump,40,Republican,NA,2022-08-22,1185
79821,YouGov,Liz Cheney,11,IND,NA,2022-08-22,1185
79823,YouGov,Joe Biden,39,Democratic,NA,2022-08-22,1000
79823,YouGov,Donald Trump,36,Republican,NA,2022-08-22,1000
79823,YouGov,Joe Biden,36,Democratic,NA,2022-08-22,1000
79823,YouGov,Ron DeSantis,35,Republican,NA,2022-08-22,1000
79823,YouGov,Joe Biden,38,Democratic,NA,2022-08-22,1000
79823,YouGov,Ron DeSantis,20,Republican,NA,2022-08-22,1000
79823,YouGov,Donald Trump,19,IND,NA,2022-08-22,1000
79823,YouGov,Joe Biden,45,Democratic,NA,2022-08-22,805
79823,YouGov,Donald Trump,40,Republican,NA,2022-08-22,805
79823,YouGov,Joe Biden,43,Democratic,NA,2022-08-22,805
79823,YouGov,Ron DeSantis,40,Republican,NA,2022-08-22,805
79823,YouGov,Joe Biden,44,Democratic,NA,2022-08-22,805
79823,YouGov,Ron DeSantis,23,Republican,NA,2022-08-22,805
79823,YouGov,Donald Trump,18,IND,NA,2022-08-22,805
79596,YouGov,Joe Biden,41,Democratic,NA,2022-08-01,1557
79596,YouGov,Donald Trump,39,Republican,NA,2022-08-01,1557
79596,YouGov,Joe Biden,45,Democratic,NA,2022-08-01,1152
79596,YouGov,Donald Trump,42,Republican,NA,2022-08-01,1152
79596,YouGov,Joe Biden,40,Democratic,NA,2022-08-01,1557
79596,YouGov,Ron DeSantis,36,Republican,NA,2022-08-01,1557
79596,YouGov,Joe Biden,45,Democratic,NA,2022-08-01,1152
79596,YouGov,Ron DeSantis,42,Republican,NA,2022-08-01,1152
79596,YouGov,Kamala Harris,42,Democratic,NA,2022-08-01,1557
79596,YouGov,Donald Trump,41,Republican,NA,2022-08-01,1557
79596,YouGov,Kamala Harris,45,Democratic,NA,2022-08-01,1152
79596,YouGov,Donald Trump,44,Republican,NA,2022-08-01,1152
79249,YouGov,Joe Biden,42,Democratic,NA,2022-06-27,1630
79249,YouGov,Donald Trump,40,Republican,NA,2022-06-27,1630
79249,YouGov,Joe Biden,41,Democratic,NA,2022-06-27,1630
79249,YouGov,Ron DeSantis,37,Republican,NA,2022-06-27,1630
79249,YouGov,Kamala Harris,41,Democratic,NA,2022-06-27,1630
79249,YouGov,Donald Trump,41,Republican,NA,2022-06-27,1630
79249,YouGov,Kamala Harris,41,Democratic,NA,2022-06-27,1630
79249,YouGov,Ron DeSantis,37,Republican,NA,2022-06-27,1630
79249,YouGov,Gavin Newsom,40,Democratic,NA,2022-06-27,1630
79249,YouGov,Donald Trump,39,Republican,NA,2022-06-27,1630
79249,YouGov,Gavin Newsom,39,Democratic,NA,2022-06-27,1630
79249,YouGov,Ron DeSantis,36,Republican,NA,2022-06-27,1630
79249,YouGov,Joe Biden,46,Democratic,NA,2022-06-27,1239
79249,YouGov,Donald Trump,43,Republican,NA,2022-06-27,1239
79249,YouGov,Joe Biden,45,Democratic,NA,2022-06-27,1239
79249,YouGov,Ron DeSantis,42,Republican,NA,2022-06-27,1239
79249,YouGov,Kamala Harris,44,Democratic,NA,2022-06-27,1239
79249,YouGov,Donald Trump,45,Republican,NA,2022-06-27,1239
79249,YouGov,Kamala Harris,45,Democratic,NA,2022-06-27,1239
79249,YouGov,Ron DeSantis,43,Republican,NA,2022-06-27,1239
79249,YouGov,Gavin Newsom,45,Democratic,NA,2022-06-27,1239
79249,YouGov,Donald Trump,43,Republican,NA,2022-06-27,1239
79249,YouGov,Gavin Newsom,43,Democratic,NA,2022-06-27,1239
79249,YouGov,Ron DeSantis,42,Republican,NA,2022-06-27,1239
79013,YouGov,Joe Biden,42,Democratic,NA,2022-05-22,1573
79013,YouGov,Donald Trump,39,Republican,NA,2022-05-22,1573
79013,YouGov,Joe Biden,44,Democratic,NA,2022-05-22,1360
79013,YouGov,Donald Trump,42,Republican,NA,2022-05-22,1360
78814,YouGov,Joe Biden,39,Democratic,NA,2022-04-22,1605
78814,YouGov,Donald Trump,38,Republican,NA,2022-04-22,1605
78814,YouGov,Joe Biden,43,Democratic,NA,2022-04-22,1187
78814,YouGov,Donald Trump,41,Republican,NA,2022-04-22,1187
78717,YouGov,Joe Biden,40,Democratic,NA,2022-04-04,1618
78717,YouGov,Donald Trump,38,Republican,NA,2022-04-04,1618
78717,YouGov,Joe Biden,45,Democratic,NA,2022-04-04,1233
78717,YouGov,Donald Trump,40,Republican,NA,2022-04-04,1233
78507,YouGov,Joe Biden,40,Democratic,NA,2022-02-27,1532
78507,YouGov,Donald Trump,39,Republican,NA,2022-02-27,1532
78507,YouGov,Joe Biden,45,Democratic,NA,2022-02-27,1169
78507,YouGov,Donald Trump,42,Republican,NA,2022-02-27,1169
78351,YouGov,Joe Biden,42,Democratic,NA,2022-01-24,1568
78351,YouGov,Donald Trump,40,Republican,NA,2022-01-24,1568
78351,YouGov,Joe Biden,44,Democratic,NA,2022-01-24,1190
78351,YouGov,Donald Trump,43,Republican,NA,2022-01-24,1190
78351,YouGov,Joe Biden,39,Democratic,NA,2022-01-24,1568
78351,YouGov,Ron DeSantis,32,Republican,NA,2022-01-24,1568
78351,YouGov,Joe Biden,43,Democratic,NA,2022-01-24,1189
78351,YouGov,Ron DeSantis,36,Republican,NA,2022-01-24,1189
77029,YouGov,Joe Biden,43,Democratic,NA,2021-10-21,1704
77029,YouGov,Donald Trump,40,Republican,NA,2021-10-21,1704
75535,YouGov,Joe Biden,47,Democratic,NA,2021-08-02,1552
75535,YouGov,Donald Trump,37,Republican,NA,2021-08-02,1552
75003,YouGov,Joe Biden,47,Democratic,NA,2021-06-24,1592
75003,YouGov,Donald Trump,35,Republican,NA,2021-06-24,1592
74869,YouGov,Joe Biden,46,Democratic,NA,2021-05-26,1588
74869,YouGov,Donald Trump,36,Republican,NA,2021-05-26,1588
